﻿{
  "content": "{\"content\":\"汤老师提醒你尽快上交作业：创新班单选速练4\",\"hasRead\":0,\"iconUrl\":\"http://xuehaifile.oss-cn-hangzhou.aliyuncs.com/SB103014/7166872D1895E85C31D424BEE55A7752.png\",\"msgType\":\"\",\"notifyId\":337596,\"packageName\":\"com.xh.acldstu\",\"packageName\":\"com.samsung.accessibility\",\"resident\":1,\"selfMsg\":\"{\\\"noticeDing\\\":1,\\\"noticeSubmit\\\":1,\\\"teacherId\\\":337596,\\\"workId\\\":\\\"61de1e4869f25a343173531d\\\"}\",\"time\":312160009,\"title\":\"云作业\",\"userId\":321456}",
  "urgeType": 1,
  "userIds": [
    337119
  ],
  "version": 1,
  "workId": "61de1e4869f25a343173531d"
}